{"playerPosition":{"x":-1.793670892715454,"y":-9.376932144165039,"z":0.0}}