{"playerPosition":{"x":-0.8500000238418579,"y":-0.9599999785423279,"z":0.0},"healthsaved":160.0,"enemyhealthsaved":[110.0,100.0,100.0,100.0],"enemyPosition":[{"x":21.54010009765625,"y":-14.918299674987793,"z":0.0},{"x":16.469999313354493,"y":-14.529999732971192,"z":0.0},{"x":13.300000190734864,"y":-15.119400024414063,"z":0.0},{"x":34.100101470947269,"y":-13.679800033569336,"z":0.0}],"level":1,"currentexperience":0}