{"playerPosition":{"x":14.029867172241211,"y":-14.447232246398926,"z":0.0},"healthsaved":270.0,"enemyhealthsaved":[],"enemyPosition":[]}