{"playerPosition":{"x":27.260168075561525,"y":-14.853675842285157,"z":0.0},"healthsaved":94.00000762939453,"enemyhealthsaved":[0.0,0.0,0.0,100.0],"enemyPosition":[{"x":20.83597755432129,"y":-14.728933334350586,"z":0.0},{"x":1.2093935012817383,"y":-15.177438735961914,"z":0.0},{"x":4.349540710449219,"y":-15.545965194702149,"z":0.0},{"x":34.72812271118164,"y":-15.726926803588868,"z":0.0}],"level":1,"currentexperience":5}