{"playerPosition":{"x":-0.711582601070404,"y":-1.829959750175476,"z":0.0}}