{"playerPosition":{"x":-0.4869999885559082,"y":-4.302163600921631,"z":0.0}}