{"playerPosition":{"x":-0.8500000238418579,"y":-3.359999656677246,"z":0.0},"healthsaved":160.0,"enemyhealthsaved":[110.0,100.0,100.0,100.0],"enemyPosition":[{"x":21.54010009765625,"y":-14.918299674987793,"z":0.0},{"x":16.369997024536134,"y":-14.63000202178955,"z":0.0},{"x":13.300000190734864,"y":-15.119400024414063,"z":0.0},{"x":34.100101470947269,"y":-13.679800033569336,"z":0.0}],"level":1,"currentexperience":0}