{"playerPosition":{"x":33.171852111816409,"y":-14.499420166015625,"z":0.0},"healthsaved":97.60000610351563,"enemyhealthsaved":[0.0,0.0,0.0,0.0],"enemyPosition":[{"x":20.244131088256837,"y":-15.153132438659668,"z":0.0},{"x":4.257329940795898,"y":-13.057271003723145,"z":0.0},{"x":8.727648735046387,"y":-15.565778732299805,"z":0.0},{"x":33.94119644165039,"y":-13.712060928344727,"z":0.0}],"level":1,"currentexperience":7}